"","UNIQID","Left.Primer","Tm.Left","Right.Primer","Tm.Right","Amplicon.Length","Primer.ID","Multiple.Amplicons.","Amplicon.Range","Group","Notes","chr","CHROMOSOME","Chr","Amplicon_Start","Amplicon_End","Amplicon_length","PCR_efficiency","Sequence"
"1","1_CACNA1C","TTGTAATGGAGCTAAACCTGGGA",59.41,"TGCATGAGATGTACACCAGGC",60.407,916,1,"No","chr12:2330922+2331837","CACNA1C",""," 12"," 12",12,2221756,2222671,916,"99.8% (1 x 2)","TTGTAATGGAGCTAAACCTGGGATAATTTCTCTCCTCTATTAATCACCAGAGGGCTGGGTAACTAAGTTAGGATGCGTCCATATGATGGAACACCATGTAGCCATTCAAATGATAACCTAGAAGGACAGTTAATGGCACATAAAGATGTTCAACTGCACTGCTAAATGAACAAACATAGAAAGTTATCTACAATATGATCCCAAATTTTATAAGATATATAACCTCTATTTACATCTCATATGAGTGTAGACAGGATATACTATACCCTGGAAGGTATAATAGGTATACATTAGAGTGTTAATGATAAGCCAATTCAGGGAACAAAATTACAAATTATTTTATTTCATTCTCTATTTATGATTCTTCTAAATTTTCTAACATAAACATTTGAAATAAAAACTTAAAAAAAGCCCTGTTATTTGAAAAAACTTGTGATGTCTTACCATGTCCAAGTATAAACTGAAAAGTGAATAAATCAGTGGGCTGGTGGCCCTTCTTAATACACTGCCATACATAGGACAACCATTTGTATTCAGAAAGTTTGTGTTGAGTAAGTCACTGGATTTGAGTCAGAAGACTTGGAGTTGGAGTCCCAGCTCAGCCATTCACTGGCTTTGTGATCTTGAACACGACGCTTAACCTCTAATGCACAGACTCTTGGCTGCTTCAATTTGCAGTGGGAATGAATGGTGATAACAAGAACAAGAATAATGCTTTCACGGAGTTGTGAGGATTCAGTGATAGGGAATTAGAAAATATTTTGTAAGAGGAAAACCACAATGTAAATATTAATATTTCAGGGCCCAAGTCTTTGACATGGACGTGACTATGGGCACCAATAGATTTTTGGATGGATCATTTATGGTACCCTGTCGTGCCCTTTAGTACACCTTTGCCTGGTGTACATCTCATGCA"
"2","10_CACNA1C","CAGCATGATTCCTAACCAAGGC",59.64,"AGTGCTTTCTGTCACCCAGG",59.891,921,10,"No","chr12:2368173+2369093","CACNA1C",""," 12"," 12",12,2259007,2259927,921,"99.5% (1 x 2)","CAGCATGATTCCTAACCAAGGCCTTTTCATAAGTGGAAGTCTTTCACCTGGCCCTGGGGAAATCACGGAACTCAATATTTCCTTCACTTAATTGTTTTTCTTTTCCATTTAAGGAAAGGTAGCTTAAAGCAGTGGTTCTCAGAATATGGCCCTGAACCAGCTGCATCAAAATCACCTGGGAACCTACTAGAAGTGCCGATTCTACAAAAAGGAAGCTCCCCACACCCCGCCCTGCCCCACACGGGACCCAGCAGTTTGTGTTCTAACAAGCCCACCAGGTTTTTGTGATGTATGCTGAAGTTTGAGACTGGTTAGCTTAAAACAGCCTCTGAGAGGGGCTGCAAGCCACTCTTTATTTGGATCATAACTAAGTAGTTAAAACATCCCTGAGTGAATTCAAAATGCTAATGAGGAAAATTAATGTCTTTATCAAAAAAAGAAAAAAAGAACAAAACAAACCTCAGGAGACCAGAAGTAAGTTGCCTCTTTAAGAAGCAGAGCCGCTTTGAGATGTTGCAAGGGGGAGCTAAGAGCAGGGCAGAATTTTCCAGTGTCTTTTGACAGGAGGAAGTGGTTGGGGACGACTTATTTTTTTGGCCCGGAGACAGCCTGTCATTATTAGACTAAGCATTGTATCAGATCTAAGTGTGTAGCTTTCTTAATGTAATGCAGAGCAGGAGCTATACGTTTTGTTTTGTTTTTCATTTTATCAGTAAGAATGAGTGCATTACAGCCTGGGCAATGTAGCAAGACCTGGTCTCTACTAAAAAAGTAAAATAATTAGCCAGGCATGGTGGCACGTGCCTTTGGTCCTAGCTACTTGGGAGGCTGAGGTGGGAGAATTGCTTGAGCCCAGGAGGTGGAGGCTGCAGTGAGCTAGAACTGTACTTCTGCACTCCAGCCTGGGTGACAGAAAGCACT"
"3","2_CACNA1C","GGGATATCCTACTTGGCTCTGC",60.03,"TCCAGAGGTATTCTCTCCCGT",59.43,904,2,"No","chr12:2332277+2333180","CACNA1C","Via Primer-BLAST."," 12"," 12",12,2223111,2224014,904,"99.5% (1 x 2)","GGGATATCCTACTTGGCTCTGCAAGACTCATAGCATACTGGACAATGTTGTCTGCATCGGAATGTCTTACTGGGGAGTCACACCTCCAAAAAGAAGCTGTGTGGTGAATGGGTCCAAACATAAGGGTTTGAGCCCCTGTTTTCAGCTGGGATTTTTGGGTAAAGGGAGATGAAGCAGCCAGGTCTAACCAACTGCAGAGGTTTATTTCTTGGGGACTCCCAGCTCCATTGAGGTGTAGAAAATATAGCACATACCAGTTACCAACAAGGATACCTGTTCCTGGATGGAACTGCCTGGTTGGAAAGAATGCTGGTGGTCAGTAGTGCCTTCTGATCCTAAGAAGAGGACCCTAACCTGGCCATTTTGAATAAGGGCCCCATAGCTGCTGATTAAGTGTGTCAATAGTGGGTTCCTTGTGATGTAACATTCATCGTCCTTCCTGTGGTGGATGACCCTACAGACCCACCTGCTGATAAGCTAAGCTGCTTGCTTAAGGCCATAAAGCTACAGAGGTATTAATCTAGAGTTTGAATCGGATCTCTCTGACTCTAAGACTCCTGCTCTGAAGTCCTCCATTATCCTTCCTCTTATAGAGTTGTTTTGCCAGTGCTATTGGATTTGAATTCAATTGTACCCTACGTACATTAGAATGAAAATGTTATACATCGTAGAAAATGAATAAATCATGGTTCCATCCCTCAAGAAACTTATATGTATTATTATTTAAGAGTTTGAAGTGCATAGCAAGAGCTCAATAAATAATTATTGAGTAAATGATAATACACAAATATATTCTAGTTTATTTATAGATATCCATAACCCCAATCAGATTATGATGCATCTCATAAAAGGTGCACACACAAAATCCCATCGGAGTTTAAAGACGGGAGAGAATACCTCTGGA"
"4","3_CACNA1C","TCTAGAGCTCTCTTTTGAACTGCT",59.474,"ATAATTCTCTTTGTGCAATGCTACA",57.605,915,3,"No","chr12:2333508+2334422","CACNA1C",""," 12"," 12",12,2224342,2225256,915,"99.5% (1 x 2)","TCTAGAGCTCTCTTTTGAACTGCTAATCCCCCTGGCGGAGCCTCTGATCCTGGTTATCCAGCATTCTTCTAGATTTAAGGTTGAAACATGATTTAAGGTCATGAATGCATGACCTTCCCAGACTCCCTTGTACATGAGCTCCCACATTCCCAGCCCCTGTTCTGCTCCACCCCTTGTGGTGATAGCCAGGGTGGTCAGCTGCATTGCATGTTAGTAGTAAGGGAAGAATGGGGTGGTGGGTCCAGAGTTGTGTGTTATAAGATGACTTTGGAGGTCAGGCTGTTGTTTTGGCTCACTTTGGGATTTTGGGGAGTAGCTTACTTTGCCATCAATTTCCTGATGAAGAAAAGGCAACTTAGCATTCTTCGTATAAGTAAACAGGTCAGTGTTGGAGATAATTACATCATGAAGCACCGTGGGTCCCAGAGGTGGGAGGCCTCATGTAAGTACTACTGTGCTATTGCCATCATTGTCTGGAGGGGATGATAATGTCGTATTTGCTTGCAAAATGGTTTTCTGATGTTGGGTTGAAAGAGACGGTTATGTACCTTAGCCAACTGTTAGGGCTGTTTTTCTTCTAGCACAATTTATAAAGTGATTTTTGTCACACCCAAATTTTTGCAGGACCGCAGAACTCAGACATTTAAGGTTGTGGCTTTTCAGAATGGATGAATAAACGTTCGCACTCTAAACTTAAGAGTGTGAAGGCTTGTCAAGGCTCCATTTCTGGTTTGCTTTCTGATCTCATGCAAGTCACTTCACCTCTCTGCTTTTTGTTTTTCCATCTGTGAGACATTGCTCACTTTGCCAGGATATCTTCAATATGAAGAAGATAATGTGTGGAACGCTGTCAGCTGCTGCATCATTAAAAAGCATTTATTCAGCACTTATGTAGCATTGCACAAAGAGAATTAT"
"5","4_CACNA1C","TCGTCTTCCTGCTAACCCTT",58.359,"CAACAAATGCATACCCTCCATCT",59.044,920,4,"No","chr12:2340631+2341550","CACNA1C",""," 12"," 12",12,2231465,2232384,920,"99.7% (1 x 2)","TCGTCTTCCTGCTAACCCTTTTGAGAGTGGGAGGCACGCATTACTTAATTATAAGAAAATGAGAAAACTGAAGGCAGAGACAACAAATGAGCTATCCAAGATCACAAATGGGTTTTGTTTCTGTTTCTGATTTTGTTTTTAAAATCAGAGCGGAGATCAGAACCATCATCTCCTGGTCTTCCTATTTTGCAAGCAGCGCCCGGTACACACCTGTTGGATACACAGCTTGAACACAGGACCTAATTGTTCGCTAGGCATGAACAACAGGGTGTTTTGACTCCTGCAAGCTGCTAACAGTCTTGCACAGTGCTAGACTGTGCACTAGCACTATCTAGAATGTGATCCTTTGACCGGTAGGCAGGTTATCACTTACCAGTTTTTGGCAAGATCAGGAGCTTGTGACAGAATGTAAATCAGCTGTGTCTATAAACACACTGCTTAGTTTGTCTTTTTATTTTTTTTTACATTTTATTTTGAAATAATTTTAGGCTTAAAGTAGAAGAATAGTGTAGAGTTCCCATAAACCCTTTGGGAACTTCCTCTAATGTTAATATCTTGCATGACCATAATATAGTGATTAAAACTGAGAAACTGACATGGGTATAATACTTTTAACAAACTTCAGACTTCATTTTGATCTTACGAGTTTCTCCACTTCAGTCCTTTTTTTCTGGTGCAGATCCAATCCAAGATCCCACATGACATTTAGTCATCGTGTCTCCTTTGTCTCATCCAAGTGGTGGTAGTTCTCAGTCTTTCCTTGTTTTTTTTTTTTTTTTTTTTTTTTTGTTTGTTTGTTTGTTTGTTTTTAATGACTTTGACACTTTTGAAGAATCCGGGTCAGTTATCATGTAGAATGTCTCTTAATCTGGGTTTGTCTGATGTTTACTCATGATTAGATGGAGGGTATGCATTTGTTG"
"6","5_CACNA1C","AGATTTTCTCCCCTCTGCACC",59.717,"CCAACCCGAACCTGCTGAAT",60.609,903,5,"No","chr12:2344516+2345418","CACNA1C",""," 12"," 12",12,2235350,2236252,903,"99.8% (1 x 2)","AGATTTTCTCCCCTCTGCACCCAGCTCAGCTGCTGGGCACTGCACCAACCCTGATGTGGCAGGACGAGGATGCCAAGGGCTGGAGCAACCCAAGGCTAATTTTTTTTCACCCAGAAAATCATGGGTTAGATATTTTTAAATTGCTGGCTTATTTTGCAGCATTTTTATTATTTCTGGTAGATGAGGAGATCTTGCCATCACTAGGGGTCCATCTCTCCCACATGCTGCCTTGCAGTGCTTCTCTACGTAGACCATCTCTGGGTGATGCCGGTTTACCCAGGGATGGGATGGGGTGCAGTGTATTACGCTTCAGGTTGTATTTGTGGCCCCCTTGGGAATCAGTTGCAAAGCAGGGCCGTGTCTGATGTGATGGCCAGGACAAAGGTCTGAATGACTAACAAAGAAGCTGTCTCTGGCAGGCAGGTAGGAGCAGTCCGGTGCACCAGAGCTGTGGAATGACTCCCAGGTTCCATTTTTCACTTCCACTTTGCATCCATCCTCCCATCTGCCTGCCCACTGTGTACAGTGCTTACTACATGCCTTACCTAGTCTAAGTGCTTTACATAAATGAATTCATTTGACGTTCACAGGACATCACAGATAGGCATTACCATTGTCCCTGTTTTATAAATGAGAATACTGAATCATTGAAAGGTTAATAATTTTGCTTATGGACATTTGCTTCTGGAGCTGGACCAGGCAGTTTGGCTTCAGAGTCCACTTGGCTCTATCAAAGTCTTGCTATCAATTACATAAGTTCCATTCCATCTCAGCCCGAAGTGTTTTCAGAGCCGGAGACCTCACAGTGTCTCTCAGGACAGTACCTTTCAGGTTTGAATGTGCCCAAGAGCCATCTGGGGATCCTGGTAAAATGCACATCCTGATTCAGCAGGTTCGGGTTGG"
"7","6_CACNA1C","TGCCTTGTGATACTCTTGTTCTTC",59.003,"TGGAGCTAGGGAGGGCAG",60.042,929,6,"No","chr12:2346147+2347075","CACNA1C",""," 12"," 12",12,2236981,2237909,929,"99.7% (1 x 2)","TGCCTTGTGATACTCTTGTTCTTCTGGTTTGAGTTTTGGTAGATAAGCACATCTGAGTCTTGCTGTGTTAATGTGTCTGTATTTTGGTGTATCTGCTTGCTTGTCGTGTGGGGCATATGCCAAGTCCAGTAGTGGATGGGCTGGGGAAGACCAGACCTTATCACATGGTGCCCTTGGGGGGAAATCTTAATTCCAATGTGTGAAACCAGTGAAAGTATGATTTTCTGGGTCAATTTTAAAAATATACGTTCAAGCAAAAAGCAACCTGTTATCTCTTCTCTTTCTGCCTCTGCACACAGCAGCCTCCATTGCCTAGGGTATGATAGTGTGGGTTCACTTTGTCCATCTCATTTGGATGACATCAGCGAAGATGCATTCTGTATCTCTCCACTGAGGCCTGTGACAGGACCTAATGTTTTGTGGAGCTGAGAGAAAATAAACCAAAATGACCCAATGGAATATAAATGCTGATTTCTGTTCCTGTTGTTTGACAGAAAGGAAGTAATGAACTAAGATGCAGTAGCCTGGCCACGTGATGTCTTGACAGGCAGCTTTCAGATTTGGAGATGCTTCAGAGTGTTGTATTGAGTCTCTGGGAAGACCCTAAGCACTCAATTCCTAGTGGTCAATGGTTGGCCTGTTTTGAGACATAACCAGTTGGAAGGAAGGATGGGCCTTTCTGCTCCCTATGATGTTGCCTTAAAAAGACATTTCCTGGGAAGAACTGGGCAGATGGTGGCTTTAATCTCACTAGCCTTGTTCTTCATTTTTATATCCAAGCTTCAAAAAACCAGCATTAGCCAACAGCACTGTTTTTACTGCTAAGCAAAACTTCAGGAAAGAGCATCCTTCGATAGAACATTAATTAACAAATGTGCCGTCAGTCCAAATGAAGACCTGTGCTGCTCCCTCTGCCCTCCCTAGCTCCA"
"8","7_CACNA1C","AGCTCCCTTCCCTGTTTGTG",59.889,"CATGCCTGGAGCCCTATCAG",59.964,920,7,"No","chr12:2348753+2349672","CACNA1C",""," 12"," 12",12,2239587,2240506,920,"99.7% (1 x 2)","AGCTCCCTTCCCTGTTTGTGACTGTCCCTCTTCCCTCCCACTCGCCTCCCACGCTGTCCCCCACCCCTGCCTGGTTTCCAATTTTAGCGGTGTTACCAGGGCAGGTTTTCAGGAAGCCTGCTCCAGTGGCTCTCTCCTGGGCCATTTCCACAGAGGCTGTGTGCCCGGCTACCATTCCCTAAGGCTCAGCCATTGCGCCCATCTGTTCCCCGGGCTGCAGCCAGCGAGCATCTGCGGGGGGCGGTGAAGGCTGAGGATGCCCAGACAAGGGGCAGGGAGGGCTGGCCCACGTGATGGCCAGGGGAGTGGGATGCCCAAGGGAAATGTCATAAAGGGTCCACTGGTTGGGAAAAAATGGAAAATGGAAATAAGGTTAAAATTGAAATGTTTTTAAAAAGTGATTTGTGAAGACTTAAACAAATTTCTTTCAAACTGCTTTATTACTCATAGAAATTGTATCAATCAACAGTGATCGCTAAATTGCTGGATCAGTCAGAAAATATTGTTGCTGCTGAAGAATCAATGCTAATTGGATCATTAGGGCATTATTACATGAAACACAAATAGCTCAGGATGGTCGCTCTTTGCTTGGCTTGATCTGTAGTCTTCAGAGAAGCAGAGAAACCTCGATTGTTTCCTGCTCAGCTGACATGCAGTTTCCCCTCCCTTGCTCCCCTTCTTGCTGGAGTTAAAGGTGGATGCTGGTTGCAGACATTTCCCCCTATTTAGAAAAACAAAGACGTACCATGGTCCTTGAAATCAGTGATATTGAACAGTCCTAAAAAGTAGAGAGGTTAAAAAGGGATTTGGATTGCATTTTAGCAATCTTCTGTTGGGGTCTGTGATGTGTGAAGACACATCTGCACCTTTACTGAGGCAGGTAGAATCCAACAAAAGCCACTGATAGGGCTCCAGGCATG"
"9","8_CACNA1C","CGTGGGGACAGTTAAGGTGA",59.317,"TTGCAGGAGTCAAAGGGAAGA",59.226,916,8,"No","chr12:2355341+2356256","CACNA1C",""," 12"," 12",12,2246175,2247090,916,"99.7% (1 x 2)","CGTGGGGACAGTTAAGGTGAACAGTGCCCACAGTCAGTGCTGTGGCAGGACAACTGCAGTGGGGCAGGCTCGGCAGAGCTGGGCAGGGGATGCAGATGCTGGAGACCTTGCTGCCCAGCAGATGAGAGTGGACCCAATTCTGTAGATCGGGGGCCGAGGCTGAATTCTGAGCAGGAAAGTAATCTGCTGAATAGGAGGCTGTAGTAAGGCCTTTTAGATGGTGGCTCCCGGAGTGAACAGGATCCTGAATCTCAGGCTTTCCTTATCCCACTGAGCCATGCCTCCCTGCCTGAAACGTGTTTCTGAGTAATAGCAGCTAACACTTACACAGTGCTTCCTGTGTAATAGGCACTCCTGTAACTGCTGGACCCATGACGACTCTGTGCAATTCATACCGTTGTTGTCCCCTTTGTATAGATGAGAAAACTGAGGCACACCGAGGGTAGGTCGTCAGGTCCCGTGAGTCGCGAGTGTGGGGGCTGTGGTGAGAACCCAGCCAGCATGGTGTGTGTGTGCTCTTAACTGCTACGCTCTGTCCTAACCTGTTCTTTTATAGGTCCCAGCAAGGAAGCTTTTCTCCTGGTCCACACCGCTGCCTGGGCATGGAGAAACCTGCTGGCACATTGGCCAAGGTTGGGGGTGAGGGGTGATGTCATGACCCATCCAAGAACTGTAATCTCCTGTCTTCAAGGAGGCCAGTTCCCTGGGCTGACGCTTCATGCATAGCGGCTGCATCCCTGTCTCCCCACTTCTCCATCCCCTTCCAGGCCGTTCTTCCCCCATGCACACACATGCCTACACATGCCTGCAATAACTCCCCGATAGGTAGAATTAAAATTTTGAAAAACTTAAGCTAAGACTATAAAGTAAGAAAGGCTAAATCAGCTTCCTTCCTTCTTCCCTTTGACTCCTGCAA"
"10","9_CACNA1C","TCCTGGCACCTCCTCTGATT",60.253,"AGAAGGGGTTTGACCTAACAGG",59.624,920,9,"No","chr12:2361001+2361920 ","CACNA1C",""," 12"," 12",12,2251835,2252754,920,"99.8% (1 x 2)","TCCTGGCACCTCCTCTGATTGATCCTAAATCACTTTCTCACTCTGGCCTTCGGTTTCTGCATCTGTTAAGAGGGCTAATGAAACCTGTTTCTTACTGCAACTTGACACCATGAAAATTTAGTCTCTCATCTGCAGCAGGCTTAGGCAAAGTGGCTGGCCACATAAAACAGCTTGAATCCTTGAGCATGGTGGATGGAGTTTGTTTAATGAGTGAAGCTGTGTAGCCCACTCCATGTCTGTCCTACCATTAAAATTTTTATTGTTATTTGTGAAGTATCCACTGGAGTTCAGAAAAAGACTGCACACCACTAAATCAAGTTGGCTCAGCTCCTGCTGCGGTTAAAATGAGTGCTGTAACCCCAATTAATAACGATTTTTTTCCACCAGAGATGGCTGCTTGGATGAATGTATTATTTGCTGGGGGCTCTTGTGGGGCTTGCTTGAAGTGTGTAAATAGTCCGCCTGAAAAAGAAAGTCCAAAAAAGGGCTGGTTTAGACAGAGTGGCCTCTGCAATCTGGCCACAGTCAAAGGCTTCTTCACATCAGCAGCTCTGATACGATACACAAACGTTTGGGTTGTAGGACAGTGTAGAAAGAGGACCCTCTGGGAGGCCAACGTGCTGAGTGGAAGGTGGAAGGACATGGAAAGCAGCAACCGTGCAGCTGAGGCTAAGAAGCCCCGGAGCAGGCTTGGGGGCTTCTTGTGTGAGTCATCATTTGTCCTCCACTGTCTATCAAGAAGCAGGGACAAGAGTTATGCACTTTAAATGTCAAGGTTGCCTTTGTAGGTGGTAGAGGCCTGGTGGGTTCCAGGAGATTATTCAGGTTCTATGTAGAGCAAATTCCAGATCAGATGAAGGTGTTTGTGCGGGGACAGCTGTATGTTTTCTGTTACAGACCTGTTAGGTCAAACCCCTTCT"
